--
-- Script was generated by Devart dbForge Studio 2019 for MySQL, Version 8.1.22.0
-- Product home page: http://www.devart.com/dbforge/mysql/studio
-- Script date 21/5/2019 9:20:31 p. m.
-- Server version: 5.5.5-10.1.37-MariaDB
-- Client version: 4.1
--

-- 
-- Disable foreign keys
-- 
/*!40014 SET @OLD_FOREIGN_KEY_CHECKS=@@FOREIGN_KEY_CHECKS, FOREIGN_KEY_CHECKS=0 */;

-- 
-- Set SQL mode
-- 
/*!40101 SET @OLD_SQL_MODE=@@SQL_MODE, SQL_MODE='NO_AUTO_VALUE_ON_ZERO' */;

-- 
-- Set character set the client will use to send SQL statements to the server
--
SET NAMES 'utf8';

--
-- Set default database
--
USE facturacionrestaurantedb;

--
-- Drop table `cajero`
--
DROP TABLE IF EXISTS cajero;

--
-- Drop table `cliente`
--
DROP TABLE IF EXISTS cliente;

--
-- Drop table `detallefactura`
--
DROP TABLE IF EXISTS detallefactura;

--
-- Drop table `factura`
--
DROP TABLE IF EXISTS factura;

--
-- Drop table `mesa`
--
DROP TABLE IF EXISTS mesa;

--
-- Drop table `mesero`
--
DROP TABLE IF EXISTS mesero;

--
-- Drop table `pedido`
--
DROP TABLE IF EXISTS pedido;

--
-- Drop table `permisos`
--
DROP TABLE IF EXISTS permisos;

--
-- Drop table `plato`
--
DROP TABLE IF EXISTS plato;

--
-- Drop table `reservaciones`
--
DROP TABLE IF EXISTS reservaciones;

--
-- Drop table `rolusuario`
--
DROP TABLE IF EXISTS rolusuario;

--
-- Drop table `usuario`
--
DROP TABLE IF EXISTS usuario;

--
-- Set default database
--
USE facturacionrestaurantedb;

--
-- Create table `usuario`
--
CREATE TABLE usuario (
  Id INT(11) NOT NULL AUTO_INCREMENT,
  Nombre VARCHAR(100) NOT NULL,
  Apellido VARCHAR(100) NOT NULL,
  NombreUsuario VARCHAR(100) NOT NULL,
  IdRolUsuario INT(11) NOT NULL,
  Password VARCHAR(255) NOT NULL,
  PRIMARY KEY (Id)
)
ENGINE = MYISAM,
AUTO_INCREMENT = 15,
AVG_ROW_LENGTH = 49,
CHARACTER SET latin1,
CHECKSUM = 0,
COLLATE latin1_swedish_ci;

--
-- Create table `rolusuario`
--
CREATE TABLE rolusuario (
  Id INT(11) NOT NULL AUTO_INCREMENT,
  Nombre VARCHAR(50) NOT NULL,
  PRIMARY KEY (Id)
)
ENGINE = INNODB,
AUTO_INCREMENT = 4,
AVG_ROW_LENGTH = 5461,
CHARACTER SET latin1,
COLLATE latin1_swedish_ci;

--
-- Create table `reservaciones`
--
CREATE TABLE reservaciones (
  Id INT(11) NOT NULL AUTO_INCREMENT,
  IdCliente INT(11) NOT NULL,
  IdMesa INT(11) NOT NULL,
  Fecha DATE NOT NULL,
  Hora VARCHAR(10) NOT NULL,
  PRIMARY KEY (Id)
)
ENGINE = MYISAM,
AUTO_INCREMENT = 17,
AVG_ROW_LENGTH = 24,
CHARACTER SET latin1,
CHECKSUM = 0,
COLLATE latin1_swedish_ci;

--
-- Create table `plato`
--
CREATE TABLE plato (
  Id INT(11) NOT NULL AUTO_INCREMENT,
  Nombre VARCHAR(100) NOT NULL,
  Cantidad INT(11) NOT NULL DEFAULT 0,
  Ubicacion VARCHAR(100) DEFAULT NULL,
  ITBIS DOUBLE DEFAULT NULL,
  Precio DOUBLE NOT NULL,
  Costo DECIMAL(10, 0) DEFAULT NULL,
  PRIMARY KEY (Id)
)
ENGINE = MYISAM,
AUTO_INCREMENT = 28,
AVG_ROW_LENGTH = 55,
CHARACTER SET latin1,
CHECKSUM = 0,
COLLATE latin1_swedish_ci;

--
-- Create table `permisos`
--
CREATE TABLE permisos (
  Id INT(11) NOT NULL AUTO_INCREMENT,
  nombre_permiso VARCHAR(100) DEFAULT NULL,
  IdUsuario INT(11) NOT NULL,
  PRIMARY KEY (Id)
)
ENGINE = MYISAM,
CHARACTER SET latin1,
CHECKSUM = 0,
COLLATE latin1_swedish_ci;

--
-- Create table `pedido`
--
CREATE TABLE pedido (
  Id INT(11) NOT NULL AUTO_INCREMENT,
  Descripcion VARCHAR(200) DEFAULT NULL,
  Estado VARCHAR(20) DEFAULT NULL,
  Fecha DATE NOT NULL,
  Hora TIME NOT NULL,
  PRIMARY KEY (Id)
)
ENGINE = MYISAM,
AUTO_INCREMENT = 9,
AVG_ROW_LENGTH = 52,
CHARACTER SET latin1,
CHECKSUM = 0,
COLLATE latin1_swedish_ci;

--
-- Create table `mesero`
--
CREATE TABLE mesero (
  Id INT(11) NOT NULL AUTO_INCREMENT,
  Nombre VARCHAR(55) NOT NULL,
  Apellido VARCHAR(255) NOT NULL,
  PRIMARY KEY (Id)
)
ENGINE = INNODB,
AUTO_INCREMENT = 3,
AVG_ROW_LENGTH = 8192,
CHARACTER SET latin1,
COLLATE latin1_swedish_ci;

--
-- Create table `mesa`
--
CREATE TABLE mesa (
  Id INT(11) NOT NULL AUTO_INCREMENT,
  Descripcion VARCHAR(100) DEFAULT NULL,
  PRIMARY KEY (Id)
)
ENGINE = MYISAM,
AUTO_INCREMENT = 5,
AVG_ROW_LENGTH = 20,
CHARACTER SET latin1,
CHECKSUM = 0,
COLLATE latin1_swedish_ci;

--
-- Create table `factura`
--
CREATE TABLE factura (
  Id INT(11) NOT NULL AUTO_INCREMENT,
  IdCajero INT(11) NOT NULL,
  IdMesa INT(11) NOT NULL,
  IdMesero INT(11) NOT NULL,
  IdCliente INT(11) NOT NULL,
  Fecha DATETIME NOT NULL,
  PRIMARY KEY (Id)
)
ENGINE = INNODB,
AUTO_INCREMENT = 3,
AVG_ROW_LENGTH = 8192,
CHARACTER SET latin1,
COLLATE latin1_swedish_ci;

--
-- Create table `detallefactura`
--
CREATE TABLE detallefactura (
  IdFactura INT(11) NOT NULL,
  IdPlatos INT(11) NOT NULL,
  CantidadPlatos INT(11) NOT NULL,
  PrecioPlatos DECIMAL(10, 0) NOT NULL,
  NumeroItem INT(11) NOT NULL
)
ENGINE = INNODB,
AVG_ROW_LENGTH = 3276,
CHARACTER SET latin1,
COLLATE latin1_swedish_ci;

--
-- Create table `cliente`
--
CREATE TABLE cliente (
  Id INT(11) NOT NULL AUTO_INCREMENT,
  Nombre VARCHAR(50) NOT NULL,
  Apellido VARCHAR(50) NOT NULL,
  Cedula VARCHAR(18) DEFAULT NULL,
  Telefono VARCHAR(15) NOT NULL,
  Email VARCHAR(50) DEFAULT NULL,
  Direccion VARCHAR(100) NOT NULL,
  PRIMARY KEY (Id)
)
ENGINE = MYISAM,
AUTO_INCREMENT = 21,
AVG_ROW_LENGTH = 64,
CHARACTER SET latin1,
CHECKSUM = 0,
COLLATE latin1_swedish_ci;

--
-- Create table `cajero`
--
CREATE TABLE cajero (
  Id INT(11) NOT NULL AUTO_INCREMENT,
  Nombre VARCHAR(50) NOT NULL,
  Apellido VARCHAR(50) NOT NULL,
  PRIMARY KEY (Id)
)
ENGINE = INNODB,
AUTO_INCREMENT = 3,
AVG_ROW_LENGTH = 8192,
CHARACTER SET latin1,
COLLATE latin1_swedish_ci;

-- 
-- Dumping data for table usuario
--
INSERT INTO usuario VALUES
(1, 'sadfasdf', 'asdfasdf', 'asdfasdf', 2, 'Cajero'),
(2, 'randy', 'pena', 'rpj92', 1, '1608'),
(3, 'randy', 'pena', 'rpj92', 1, 'LLUEVEpordentro1'),
(4, 'randy', 'pena', 'rpj92', 1, 'LLUEVEpor1'),
(5, 'dsafadsf', 'asdfasdf', 'asdfasdf', 1, 'asdfasdf'),
(6, 'errwertert', 'ewrtwertewrrt', 'wertwert', 1, 'wertwertewrt'),
(7, 'errwertert', 'ewrtwertewrrt', 'wertwert', 1, 'wertwertewrt'),
(8, 'errwertert', 'ewrtwertewrrt', 'wertwert', 1, 'wertwertewrt'),
(9, 'jose andres', 'jimenez', 'jimenez', 1, 'lalalla'),
(10, 'junio', 'amaro', 'amaro', 1, '124'),
(11, '7', 'errwertert', 'ewrtwertewrrt', 1, 'sdfasdfasdf'),
(12, 'sadfasdf', 'asdfasdf', 'sadfasdfsadf,', 1, 'safddffgasdfdsf'),
(13, 'Ramon', 'Sanchez', 'SSystem', 2, '1608'),
(14, 'Henry Javier', 'Liriano German', 'henry5059', 3, '1608');

-- 
-- Dumping data for table rolusuario
--
INSERT INTO rolusuario VALUES
(1, 'Administrador'),
(2, 'Cajero'),
(3, 'Mesero');

-- 
-- Dumping data for table reservaciones
--
INSERT INTO reservaciones VALUES
(4, 12, 3, '2019-05-18', '2 pm'),
(12, 17, 2, '2019-05-18', '2 pm'),
(14, 12, 2, '2019-05-19', '1 pm'),
(10, 17, 3, '2019-05-18', '3 pm'),
(11, 12, 3, '2019-05-18', '3 am'),
(15, 2, 2, '2019-05-20', '1 pm'),
(16, 2, 2, '2019-05-23', '8 pm');

-- 
-- Dumping data for table plato
--
INSERT INTO plato VALUES
(1, 'Arroz con habichuela', 1, 'Mesa 4', 12, 115, 94),
(23, 'Moro de habicuela', 1, 'Mesa', 4, 199, 76),
(24, 'DaSD', 1, 'Mesa', 66, 99, 88),
(25, 'Pechuga de pollo a la plancha', 1, 'AScv', 1, 100, 85),
(26, 'Carne azada', 5, 'ASD', 5, 50, 15),
(27, 'QWQE', 4, '', 88, 100, 75);

-- 
-- Dumping data for table permisos
--
-- Table facturacionrestaurantedb.permisos does not contain any data (it is empty)

-- 
-- Dumping data for table pedido
--
INSERT INTO pedido VALUES
(4, '3 vasos de sopa de letra', 'Pendiente', '2019-05-16', '21:52:08'),
(7, 'Pizza italiana vegetariana', 'Pendiente', '2019-05-18', '21:23:52');

-- 
-- Dumping data for table mesero
--
INSERT INTO mesero VALUES
(1, 'Yanira', 'German'),
(2, 'De Jesus', 'POLU');

-- 
-- Dumping data for table mesa
--
INSERT INTO mesa VALUES
(1, 'Buffet'),
(2, '#2'),
(3, 'Bocadillo'),
(4, 'Mesa #01');

-- 
-- Dumping data for table factura
--
INSERT INTO factura VALUES
(1, 1, 1, 1, 18, '2019-05-21 20:24:53'),
(2, 1, 4, 1, 4, '2019-05-21 21:18:35');

-- 
-- Dumping data for table detallefactura
--
INSERT INTO detallefactura VALUES
(1, 23, 2, 398, 1),
(1, 25, 2, 200, 2),
(1, 26, 2, 100, 3),
(2, 27, 1, 100, 1),
(2, 26, 4, 200, 2);

-- 
-- Dumping data for table cliente
--
INSERT INTO cliente VALUES
(12, 'Henry Javier', 'Liriano Ger', '402-2334422', '809', 'henryliriano5059@gmail.com', 'Monte Adentro, Salcedo'),
(3, 'Henry', 'German', '409', '800', 'he@gmail.com', 'MA, Salcedo'),
(18, 'Amaro', 'Petronic', '2323', '8095206644', 'ass@gmail.com', 'hhj'),
(17, 'Randy', 'Perez', '2323', '788', 'ass@gmail.com', 'hhj'),
(16, 'Randy', 'Perez', '2323', '788', 'ass@gmail.com', 'hhj'),
(4, 'Ivan', 'De Jesus', '404', '809', 'ivan@gmail.com', 'SFM'),
(19, 'Carlos', 'Ortega', '4556', '809', 'ass@gmail.com', 'hhj'),
(2, 'Javier', 'Liriano', '402', '6643', 'he@gmail.com', 'MA, Salcedo'),
(13, 'DaSD', 'UUI', '4556', '990', 'henryliriano5059@gmail.com', 'Monte Adentro, Salcedo'),
(15, 'Henry Javier', 'JHH', '402-2334422-0', '990', 'henryliriano5059@gmail.com', 'Monte Adentro, Salcedo'),
(20, 'Joel', 'Mena', '056-012', '829', 'he@gmail.com', 'Macoris');

-- 
-- Dumping data for table cajero
--
INSERT INTO cajero VALUES
(1, 'Heny', 'German'),
(2, 'Jenrry', 'Liriano');

-- 
-- Restore previous SQL mode
-- 
/*!40101 SET SQL_MODE=@OLD_SQL_MODE */;

-- 
-- Enable foreign keys
-- 
/*!40014 SET FOREIGN_KEY_CHECKS=@OLD_FOREIGN_KEY_CHECKS */;